time_avg_ms,time_std_ms,time_p95_ms,sequence_length,batch_size,instance_type
19.32097825001165,0.30786476885494696,19.737008999732097,8,1,g5.4xlarge
19.660611699973742,0.2753365436990748,20.02759800009244,16,1,g5.4xlarge
19.965431299997363,0.3434425087824248,20.490516550262328,32,1,g5.4xlarge
19.774356980042285,0.3099664544577057,20.400866550085084,64,1,g5.4xlarge
19.613702500005274,0.1325215764075837,19.896619049995934,128,1,g5.4xlarge
18.96297769999819,0.1447897647094606,19.263130450099197,256,1,g5.4xlarge
18.847326840054848,0.20080285895784647,19.304467999813824,512,1,g5.4xlarge
35.68859727999097,0.01698294932402516,35.7138515002589,1024,1,g5.4xlarge
111.50429845997678,0.08856409662674927,111.6424165998069,2048,1,g5.4xlarge
