time_avg_ms,time_std_ms,time_p95_ms,sequence_length,batch_size,instance_type
19.404604969986394,0.15050573504619796,19.695684999896912,8,1,g5.4xlarge
19.493875959983598,0.12831030822230827,19.734319999861327,16,1,g5.4xlarge
19.26463500000864,0.12329049419171541,19.506744500017703,32,1,g5.4xlarge
19.278713240000798,0.1858502471429214,19.536156000344818,64,1,g5.4xlarge
19.178831639978853,0.14763961488343635,19.427793050181208,128,1,g5.4xlarge
19.40230094997787,0.13358967822102938,19.654760999878818,256,1,g5.4xlarge
53.31849474997853,0.04416889989250821,53.36139100015771,512,1,g5.4xlarge
161.44271077004305,0.040588443041571796,161.4918495501115,1024,1,g5.4xlarge
