time_avg_ms,time_std_ms,time_p95_ms,sequence_length,batch_size,instance_type
16.210890239976834,0.06975636058192079,16.295640049929716,8,1,inf2.24xlarge
16.248025390018483,0.1058471239519309,16.35083749995374,16,1,inf2.24xlarge
16.378214770011255,0.07000035998496545,16.471005449989207,32,1,inf2.24xlarge
16.61485741001343,0.07347302223997623,16.710847999911493,64,1,inf2.24xlarge
15.776432920001751,0.04647814880939434,15.87007305001862,128,1,inf2.24xlarge
19.271937109974715,0.04322539767024422,19.349809999630452,256,1,inf2.24xlarge
67.61346826000135,0.05670818903891504,67.65332994991695,512,1,inf2.24xlarge
277.7107350700271,0.4523621428435458,277.72328854998705,1024,1,inf2.24xlarge
