time_avg_ms,time_std_ms,time_p95_ms,sequence_length,batch_size,instance_type
16.224918990083097,0.07009419840821779,16.34147800232313,8,1,inf2.8xlarge
16.255441299945232,0.07505465079540517,16.353358001470042,16,1,inf2.8xlarge
16.40917863976938,0.19145715555845583,16.47257200038439,32,1,inf2.8xlarge
16.636323890197673,0.06375473251979041,16.752945502048533,64,1,inf2.8xlarge
15.781785799699719,0.059329472007085014,15.878166497714119,128,1,inf2.8xlarge
19.3050042500181,0.09159304752703212,19.350931998633314,256,1,inf2.8xlarge
67.68170144991018,0.2007363728689039,67.70808799956285,512,1,inf2.8xlarge
277.67233988990483,0.319080279990605,278.2141697502084,1024,1,inf2.8xlarge
