time_avg_ms,time_std_ms,time_p95_ms,sequence_length,batch_size,instance_type
1.2583185497351224,0.013710228153868891,1.2940549991981243,8,1,inf2.8xlarge
1.2896465002995683,0.009921676409414078,1.3080574502964737,16,1,inf2.8xlarge
1.291974749910878,0.0052485833475849385,1.2992769483389566,32,1,inf2.8xlarge
1.4699777198620723,0.010628661136833634,1.4863279993733158,64,1,inf2.8xlarge
1.9113975501386449,0.012080761425393896,1.9375835016035126,128,1,inf2.8xlarge
